{
    "namespaceConfig": [
        {
            "id": "%SYS",
            "globals": "IRISSYS",
            "routines": "IRISSYS"
        },
        {
            "id": "APIGEN",
            "globals": "APIGEN_GLB",
            "routines": "APIGEN_RTN"
        }
    ],
    "tasks": [
        {
            "id": "Exemplo",
            "dailyEndTime": 0,
            "dailyFrequency": 0,
            "dailyFrequencyTime": 0,
            "dailyIncrement": "",
            "dailyStartTime": 0,
            "deleteAfterRun": 0,
            "description": "Descricao da tarefa",
            "expires": 1,
            "expiresDays": "",
            "expiresHours": "",
            "expiresMinutes": "",
            "isBatch": 0,
            "mirrorStatus": 1,
            "nameSpace": "APIGEN",
            "priority": 0,
            "rescheduleOnStart": 0,
            "runAsUser": "_SYSTEM",
            "suspendOnError": 0,
            "suspendTerminated": 0,
            "suspended": 0,
            "taskClass": "workflowSoulNeovero.util.task.ServiceStarter",
            "timePeriod": 0,
            "timePeriodDay": "",
            "timePeriodEvery": "1",
            "type": 2
        }
    ],
    "webApplications": [
        {
            "id": "/api/arquivos",
            "autheEnabled": 32,
            "autoCompile": 1,
            "CSPZENEnabled": 1,
            "description": "",
            "dispatchClass": "exemplos.arquivos.Api",
            "enabled": 1,
            "isNameSpaceDefault": 0,
            "JWTAccessTokenTimeout": 60,
            "JWTAuthEnabled": 0,
            "JWTRefreshTokenTimeout": 900,
            "name": "/api/arquivos",
            "nameLowerCase": "/api/arquivos",
            "nameSpace": "WORKSHOP_REST",
            "resource": ""
        },
        {
            "id": "/api/atelier",
            "autheEnabled": 32,
            "autoCompile": 0,
            "CSPZENEnabled": 1,
            "description": "Atelier REST Apis",
            "dispatchClass": "%Api.Atelier",
            "enabled": 1,
            "isNameSpaceDefault": 0,
            "JWTAccessTokenTimeout": 60,
            "JWTAuthEnabled": 0,
            "JWTRefreshTokenTimeout": 900,
            "name": "/api/atelier",
            "nameLowerCase": "/api/atelier",
            "nameSpace": "%SYS",
            "resource": "%Development"
        },
        {
            "id": "/api/deepsee",
            "autheEnabled": 32,
            "autoCompile": 0,
            "CSPZENEnabled": 1,
            "description": "DeepSee REST Apis",
            "dispatchClass": "%Api.DeepSee",
            "enabled": 1,
            "isNameSpaceDefault": 0,
            "JWTAccessTokenTimeout": 60,
            "JWTAuthEnabled": 0,
            "JWTRefreshTokenTimeout": 900,
            "name": "/api/deepsee",
            "nameLowerCase": "/api/deepsee",
            "nameSpace": "%SYS",
            "resource": ""
        }
    ],
    "sqlConnections": [
        {
            "id": "TESTE",
            "URL": "jdbc:oracle:thin:@gabriel.com:1521/prd.santacasaba.local",
            "usr": "user",
            "classpath": "/IRIS/AD/ojdbc6-11.2.0.4.jar",
            "driver": "oracle.jdbc.driver.OracleDriver",
            "isJDBC": 1,
            "useCAST": 0,
            "useCASTCHAR": 0,
            "useCOALESCE": 1
        }
    ],
    "users": [
        {
            "id": "_ensemble",
            "accountNeverExpires": 1,
            "enabled": 1,
            "fullName": "Interoperability Manager (Internal use - not for login)",
            "name": "_Ensemble",
            "nameLowerCase": "_ensemble",
            "nameSpace": "",
            "roles": "\u0006\u0001%All"
        },
        {
            "id": "_public",
            "accountNeverExpires": 1,
            "enabled": 0,
            "fullName": "(Internal use - not for login)",
            "name": "_PUBLIC",
            "nameLowerCase": "_public",
            "nameSpace": "",
            "roles": ""
        },
        {
            "id": "_system",
            "accountNeverExpires": 1,
            "enabled": 1,
            "fullName": "SQL System Manager",
            "name": "_SYSTEM",
            "nameLowerCase": "_system",
            "nameSpace": "",
            "roles": "\u0006\u0001%All"
        },
        {
            "id": "bruno",
            "accountNeverExpires": 1,
            "enabled": 1,
            "fullName": "",
            "name": "bruno",
            "nameLowerCase": "bruno",
            "nameSpace": "",
            "roles": "\u0006\u0001%All"
        },
        {
            "id": "unknownuser",
            "accountNeverExpires": 1,
            "enabled": 1,
            "fullName": "Unauthenticated user",
            "name": "UnknownUser",
            "nameLowerCase": "unknownuser",
            "nameSpace": "",
            "roles": ""
        }
    ],
    "roles": [
        {
            "id": "%all",
            "description": "The Super-User Role",
            "escalationOnly": 0,
            "grantedRoles": "",
            "name": "%All",
            "nameLowerCase": "%all",
            "version": 5
        },
        {
            "id": "%birole_client",
            "description": "Grants access to the IRIS BI cube catalog via xDBC",
            "escalationOnly": 0,
            "grantedRoles": "",
            "name": "%BIRole_Client",
            "nameLowerCase": "%birole_client",
            "version": 5
        },
        {
            "id": "%db_%default",
            "description": "R/W access for this resource",
            "escalationOnly": 0,
            "grantedRoles": "",
            "name": "%DB_%DEFAULT",
            "nameLowerCase": "%db_%default",
            "version": 5
        },
        {
            "id": "%db_apigen",
            "description": "R/W access for this resource",
            "escalationOnly": 0,
            "grantedRoles": "",
            "name": "%DB_APIGEN",
            "nameLowerCase": "%db_apigen",
            "version": 5
        }
    ],
    "resources": [
        {
            "id": "%admin_journal",
            "description": "Enables setting or clearing the no journaling process flag in programmer mode",
            "name": "%Admin_Journal",
            "nameLowerCase": "%admin_journal",
            "publicPermission": 0,
            "type": 9,
            "version": 1
        },
        {
            "id": "%admin_manage",
            "description": "For System Managers: Grants access to system management utilities",
            "name": "%Admin_Manage",
            "nameLowerCase": "%admin_manage",
            "publicPermission": 0,
            "type": 9,
            "version": 1
        },
        {
            "id": "%admin_oauth2_client",
            "description": "Enables using IRIS as an OAuth2 client",
            "name": "%Admin_OAuth2_Client",
            "nameLowerCase": "%admin_oauth2_client",
            "publicPermission": 0,
            "type": 9,
            "version": 1
        },
        {
            "id": "%admin_oauth2_registration",
            "description": "Enables creating, modifying, and deleting clients for an IRIS authorization server",
            "name": "%Admin_OAuth2_Registration",
            "nameLowerCase": "%admin_oauth2_registration",
            "publicPermission": 0,
            "type": 9,
            "version": 1
        },
        {
            "id": "%admin_oauth2_server",
            "description": "Enables using IRIS as an OAuth2 authorization server",
            "name": "%Admin_OAuth2_Server",
            "nameLowerCase": "%admin_oauth2_server",
            "publicPermission": 0,
            "type": 9,
            "version": 1
        }
    ],
    "namespaces": [
        {
            "id": "APIGEN",
            "classes": [
                {
                    "id": "apigen.api.Dispatcher.cls",
                    "type": "4",
                    "size": "2418"
                },
                {
                    "id": "apigen.bo.manager.code.AbstractBuilder.cls",
                    "type": "4",
                    "size": "1916"
                },
                {
                    "id": "apigen.bo.manager.code.api.Builder.cls",
                    "type": "4",
                    "size": "4334"
                },
                {
                    "id": "apigen.bo.manager.code.bo.Builder.cls",
                    "type": "4",
                    "size": "5203"
                },
                {
                    "id": "apigen.bo.manager.code.bp.Builder.cls",
                    "type": "4",
                    "size": "4377"
                },
                {
                    "id": "apigen.bo.manager.code.bs.Builder.cls",
                    "type": "4",
                    "size": "3524"
                },
                {
                    "id": "apigen.bo.manager.code.dtl.Builder.cls",
                    "type": "4",
                    "size": "2527"
                },
                {
                    "id": "apigen.bo.manager.code.Factory.cls",
                    "type": "4",
                    "size": "2003"
                },
                {
                    "id": "apigen.bo.manager.code.pd.Builder.cls",
                    "type": "4",
                    "size": "2933"
                },
                {
                    "id": "apigen.bo.manager.code.vo.Builder.cls",
                    "type": "4",
                    "size": "3776"
                },
                {
                    "id": "apigen.bo.manager.Operation.cls",
                    "type": "4",
                    "size": "2736"
                },
                {
                    "id": "apigen.bo.manager.production.Manager.cls",
                    "type": "4",
                    "size": "2277"
                },
                {
                    "id": "apigen.bo.production.Operation.cls",
                    "type": "4",
                    "size": "1587"
                }
            ],
            "globals": [
                {
                    "id": "DeepSee.Cubes",
                    "resourceName": "%DB_APIGEN",
                    "permission": "",
                    "empty": "No",
                    "keep": "No",
                    "collation": "IRIS standard",
                    "hasData": "1"
                },
                {
                    "id": "DeepSee.FolderD",
                    "resourceName": "%DB_APIGEN",
                    "permission": "",
                    "empty": "No",
                    "keep": "No",
                    "collation": "IRIS standard",
                    "hasData": "1"
                },
                {
                    "id": "DeepSee.FolderI",
                    "resourceName": "%DB_APIGEN",
                    "permission": "",
                    "empty": "No",
                    "keep": "No",
                    "collation": "IRIS standard",
                    "hasData": "1"
                }
            ],
            "credentials": [
                {
                    "id": "credential2",
                    "username": "tester"
                },
                {
                    "id": "testeCredential",
                    "username": "blabla"
                }
            ],
            "productionItems": [
                {
                    "id": "Python Example 01",
                    "alertGroups": "",
                    "category": "",
                    "className": "python.example.bp.product.Process",
                    "comment": "",
                    "disableErrorTraps": "",
                    "foreground": 0,
                    "logTraceEvents": 0,
                    "poolSize": 1,
                    "production": "core.Production",
                    "schedule": "",
                    "settings": ""
                }
            ],
            "lookups": [
                {
                    "dataValue": "1234",
                    "keyName": "abcd",
                    "tableName": "TEST"
                },
                {
                    "dataValue": "0987",
                    "keyName": "dsa",
                    "tableName": "TEST"
                }
            ]
        }
    ]
}